MB_CODE,critical_0_level,critical_10_level,critical_20_level,critical_30_level,critical_40_level,critical_50_level
6,0.0,-766.3759076330515,-1578.7671070850797,-2502.286662101873,-3665.7837012248915,-5461.636848714661
