Province_ID,critical_0_level,critical_10_level,critical_20_level,critical_30_level,critical_40_level,critical_50_level
50,0.0,-179.91692665039287,-370.6365544302624,-587.4450401684616,-860.5914287238753,-1282.1918154188336
51,0.0,-49.655434496113934,-102.29231619846078,-162.1294852864716,-237.5154028723077,-353.8732730005994
52,0.0,-6.340092786635577,-13.060861970885828,-20.700976450949046,-30.32638235364573,-45.18315886873988
57,0.0,-1.4314021949540114,-2.948749666964762,-4.673657646153146,-6.8467846965152335,-10.200997833344099
58,0.0,-6.198432192726046,-12.769035096101568,-20.238441797713346,-29.64878133424098,-44.17360375094311
60,0.0,-89.30290918726749,-183.96780768762187,-291.5820765247619,-427.1600212247245,-636.4240507259448
62,0.0,-82.55858278940065,-170.07420720990956,-269.5612407675863,-394.90007993638375,-588.3600899366326
63,0.0,-68.28938172098958,-140.67904347000612,-222.9710085372811,-326.64662339488774,-486.66953105979
64,0.0,-0.3806231434382493,-0.7840999346020133,-1.242768993162102,-1.820623667351758,-2.712540105933642
