MB_CODE,critical_0_level,critical_10_level,critical_20_level,critical_30_level,critical_40_level,critical_50_level
6,0.0,-110.291398921128,-227.20499310691832,-360.1113940510743,-527.5536567936431,-786.0001370663425
