Province_ID,critical_0_level,critical_10_level,critical_20_level,critical_30_level,critical_40_level,critical_50_level
50,0.0,-0.2095969499999999,-0.4191938999999999,-0.6287908499999998,-0.8383877999999998,-1.0479847499999997
51,0.0,-0.23256923333333335,-0.4651384666666667,-0.6977077,-0.9302769333333334,-1.1628461666666667
52,0.0,-0.0006677166666666664,-0.0013354333333333332,-0.00200315,-0.0026708666666666664,-0.003338583333333333
57,0.0,-0.00032304999999999986,-0.0006460999999999999,-0.00096915,-0.0012921999999999999,-0.00161525
58,0.0,-0.06602856666666668,-0.13205713333333335,-0.19808570000000003,-0.2641142666666667,-0.33014283333333333
60,0.0,0.0,0.0,0.0,0.0,0.0
62,0.0,0.0,0.0,0.0,0.0,0.0
63,0.0,0.0,0.0,0.0,0.0,0.0
64,0.0,-0.0015035666666666494,-0.0030071333333332997,-0.00451069999999995,-0.006014266666666599,-0.00751783333333325
