MB_CODE,no_positive_data,critical_25_level,critical_50_level,critical_80_level,critical_90_level
8,False,119.9411956968471,295.41491238581307,909.6977843449492,1637.6696583205085
