MB_CODE,no_positive_data,critical_25_level,critical_50_level,critical_80_level,critical_90_level
8,False,5338.356341741355,12505.459921322486,34120.399896143805,52657.13458973435
