MB_CODE,no_positive_data,critical_25_level,critical_50_level,critical_80_level,critical_90_level
6,False,579.0063055811078,853.2235738977462,1384.0924048964503,1782.3346447167023
