MB_CODE,no_positive_data,critical_25_level,critical_50_level,critical_80_level,critical_90_level
6,False,28.815703589323896,48.076689103689645,91.05940358987948,127.15153294402836
