Province_ID,no_positive_data,critical_25_level,critical_50_level,critical_80_level,critical_90_level
50,False,32.78289952159187,76.41899033646013,219.70059665988637,381.56210255558483
51,False,7.022360379040045,17.6899580164701,56.02662575408077,102.35341275093029
52,False,1.0672370579692863,3.210791870514705,9.186444771289553,14.147355862283852
57,False,0.12096914237073755,0.4567865601973022,1.46884441436823,2.336523747492894
58,False,0.6085535312697142,1.8196796396762964,7.137787255091296,14.582515870852315
60,False,93.89107348779862,132.23708758685785,198.7402671063353,245.51345393628898
62,False,88.96673282361469,124.6445381996531,189.84822877603892,236.5508330605589
63,False,-111.63269765633824,0.0,139.2941088894035,212.10560784038196
64,False,0.0005079202198480211,0.09696217700508931,1214.1879216168215,627945.3876528364
