MB_CODE,critical_0_level,critical_10_level,critical_20_level,critical_30_level,critical_40_level,critical_50_level
8,0.0,-3.277268730215667,-6.554537460431334,-9.831806190647,-13.109074920862668,-16.386343651078334
