MB_CODE,no_positive_data,critical_25_level,critical_50_level,critical_80_level,critical_90_level
6,False,896.6971699146991,1483.8279669445835,2781.7764481542486,3863.5995505414676
