MB_CODE,no_positive_data,critical_25_level,critical_50_level,critical_80_level,critical_90_level
6,False,18055.937166690564,26290.487676444332,42015.66061496054,53683.77981165242
