Province_ID,no_positive_data,critical_25_level,critical_50_level,critical_80_level,critical_90_level
50,False,2394.454130626115,5518.405760907053,15641.232653821435,26963.63551159984
51,False,668.0641653983513,1525.822760304365,4276.304343873576,7328.557677923328
52,False,0.057075852201658575,0.13059400059028298,0.3668319425991129,0.6294032779681514
57,False,0.001157128662787371,0.005738517802064864,0.042318972974934456,0.12025849976041586
58,False,0.6149285114596542,2.2470491254354275,7.800494435401259,12.797309149993719
60,False,293.89971921030127,401.33511073312286,592.0290792397706,725.431728884206
62,False,3980.392850654936,5351.830766441565,7743.524872622006,9392.941294467386
63,False,-7944.483273036212,0.0,9913.042874867046,15094.766040614615
64,False,0.006982046793105111,0.023697212013069038,0.07072416318573382,0.10991569765319076
