Province_ID,critical_0_level,critical_10_level,critical_20_level,critical_30_level,critical_40_level,critical_50_level
50,0.0,-747.8715490201112,-1540.6473378897715,-2441.868257391164,-3577.2723381596834,-5329.764113865256
51,0.0,-206.94018967601457,-426.30563061863813,-675.6784383768262,-989.8510207420901,-1474.7751777652293
52,0.0,-24.571306726142115,-50.61794147097031,-80.2275390951862,-117.53122040681009,-175.1093071950068
57,0.0,-4.570499254332545,-9.415423702426827,-14.92309349674767,-21.861936819933238,-32.572014459042414
58,0.0,-20.191843581637016,-41.596060315297805,-65.92819577748244,-96.58306108271924,-143.89872626548535
60,0.0,-354.20406855310364,-729.675511792187,-1156.5083238851341,-1694.254070981594,-2524.262536839244
62,0.0,-323.37835239280594,-666.1732197165845,-1055.8595722354619,-1546.8063149215093,-2304.580699776964
63,0.0,-279.9065606352912,-576.6194717069613,-913.9202398411774,-1338.8689514155021,-1994.775632344997
64,0.0,-1.3853742433238072,-2.853930120425646,-4.523372220553262,-6.626620527461581,-9.87297609598183
