MB_CODE,no_positive_data,critical_25_level,critical_50_level,critical_80_level,critical_90_level
8,False,4.180906553332244,10.545839821838111,26.200639571294925,38.51159972515477
