MB_CODE,no_positive_data,critical_25_level,critical_50_level,critical_80_level,critical_90_level
8,False,219.39262510424214,432.53566607388717,1008.9511652313184,1570.9086457491765
