MB_CODE,no_positive_data,critical_25_level,critical_50_level,critical_80_level,critical_90_level
6,False,185.13608382123806,286.00496283577456,610.6130940481489,1028.4432019078647
