MB_CODE,no_positive_data,critical_25_level,critical_50_level,critical_80_level,critical_90_level
6,False,4019.5258424165713,5946.708495903183,9694.55597803375,12516.284429553183
