Province_ID,no_positive_data,critical_25_level,critical_50_level,critical_80_level,critical_90_level
50,False,230.306179490421,535.4729757521181,1534.5022209104445,2660.5395864425154
51,False,49.18175184426127,123.72463642296023,391.1882377562131,714.0158447006099
52,False,7.015698896538246,22.146563454264033,66.61150807594711,104.342592915442
57,False,1.1180602709561698,4.398258684205398,14.539891642792858,23.325160402228637
58,False,4.671227703890725,13.750886599653517,52.89550647928396,106.96819967506869
60,False,631.9929974001036,902.0508677150609,1406.170294206186,1773.4604071134022
62,False,618.484035981739,870.1025803108852,1332.1257451973788,1664.312247648978
63,False,-778.4858260930218,0.0,971.3864459540968,1479.1473538237756
64,False,0.044074121385410024,0.4789300186981455,3.067758446543853,5.928315685057561
