MB_CODE,critical_0_level,critical_10_level,critical_20_level,critical_30_level,critical_40_level,critical_50_level
8,0.0,-0.5024520034476669,-1.0049040068953334,-1.507356010343,-2.009808013790667,-2.5122600172383334
