MB_CODE,critical_0_level,critical_10_level,critical_20_level,critical_30_level,critical_40_level,critical_50_level
8,0.0,-110.98763049439268,-228.63925988884156,-362.3846531164526,-530.8839211301545,-790.961884921289
