MB_CODE,critical_0_level,critical_10_level,critical_20_level,critical_30_level,critical_40_level,critical_50_level
8,0.0,-11.592574777760667,-23.185149555521335,-34.777724333282,-46.37029911104267,-57.96287388880334
