MB_CODE,no_positive_data,critical_25_level,critical_50_level,critical_80_level,critical_90_level
8,False,25.56500986943269,64.7263427598527,206.29236684249568,378.1119046875687
