MB_CODE,no_positive_data,critical_25_level,critical_50_level,critical_80_level,critical_90_level
8,False,1530.3924716236872,3018.5067876908283,7044.9311875862095,10971.881222562275
